symbol,base,quote,type,futures_available,active,spot,future
1000CAT/USDT,1000CAT,USDT,spot,True,True,True,True
1000CHEEMS/USDT,1000CHEEMS,USDT,spot,True,True,True,True
1000SATS/USDT,1000SATS,USDT,spot,True,True,True,True
1INCH/BTC,1INCH,BTC,spot,True,True,True,True
1INCH/USDT,1INCH,USDT,spot,True,True,True,True
1MBABYDOGE/USDT,1MBABYDOGE,USDT,spot,True,True,True,True
A/BTC,A,BTC,spot,True,True,True,True
A/USDT,A,USDT,spot,True,True,True,True
AAVE/BTC,AAVE,BTC,spot,True,True,True,True
AAVE/USDT,AAVE,USDT,spot,True,True,True,True
ACA/USDT,ACA,USDT,spot,True,True,True,True
ACE/USDT,ACE,USDT,spot,True,True,True,True
ACH/BTC,ACH,BTC,spot,True,True,True,True
ACH/USDT,ACH,USDT,spot,True,True,True,True
ACM/USDT,ACM,USDT,spot,True,True,True,True
ACT/USDT,ACT,USDT,spot,True,True,True,True
ACX/USDT,ACX,USDT,spot,True,True,True,True
ADA/BTC,ADA,BTC,spot,True,True,True,True
ADA/USDT,ADA,USDT,spot,True,True,True,True
ADX/BTC,ADX,BTC,spot,True,True,True,True
ADX/USDT,ADX,USDT,spot,True,True,True,True
AEUR/USDT,AEUR,USDT,spot,True,True,True,True
AEVO/BTC,AEVO,BTC,spot,True,True,True,True
AEVO/USDT,AEVO,USDT,spot,True,True,True,True
AGLD/BTC,AGLD,BTC,spot,True,True,True,True
AGLD/USDT,AGLD,USDT,spot,True,True,True,True
AI/BTC,AI,BTC,spot,True,True,True,True
AI/USDT,AI,USDT,spot,True,True,True,True
AIXBT/USDT,AIXBT,USDT,spot,True,True,True,True
ALCX/USDT,ALCX,USDT,spot,True,True,True,True
ALGO/BTC,ALGO,BTC,spot,True,True,True,True
ALGO/USDT,ALGO,USDT,spot,True,True,True,True
ALICE/USDT,ALICE,USDT,spot,True,True,True,True
ALPINE/USDT,ALPINE,USDT,spot,True,True,True,True
ALT/BTC,ALT,BTC,spot,True,True,True,True
ALT/USDT,ALT,USDT,spot,True,True,True,True
AMP/USDT,AMP,USDT,spot,True,True,True,True
ANIME/USDT,ANIME,USDT,spot,True,True,True,True
ANKR/BTC,ANKR,BTC,spot,True,True,True,True
ANKR/USDT,ANKR,USDT,spot,True,True,True,True
APE/BTC,APE,BTC,spot,True,True,True,True
APE/USDT,APE,USDT,spot,True,True,True,True
API3/BTC,API3,BTC,spot,True,True,True,True
API3/USDT,API3,USDT,spot,True,True,True,True
APT/BTC,APT,BTC,spot,True,True,True,True
APT/USDT,APT,USDT,spot,True,True,True,True
AR/BTC,AR,BTC,spot,True,True,True,True
AR/USDT,AR,USDT,spot,True,True,True,True
ARB/BTC,ARB,BTC,spot,True,True,True,True
ARB/USDT,ARB,USDT,spot,True,True,True,True
ARDR/BTC,ARDR,BTC,spot,True,True,True,True
ARDR/USDT,ARDR,USDT,spot,True,True,True,True
ARK/USDT,ARK,USDT,spot,True,True,True,True
ARKM/BTC,ARKM,BTC,spot,True,True,True,True
ARKM/USDT,ARKM,USDT,spot,True,True,True,True
ARPA/BTC,ARPA,BTC,spot,True,True,True,True
ARPA/USDT,ARPA,USDT,spot,True,True,True,True
ASR/USDT,ASR,USDT,spot,True,True,True,True
ASTR/BTC,ASTR,BTC,spot,True,True,True,True
ASTR/USDT,ASTR,USDT,spot,True,True,True,True
ATA/BTC,ATA,BTC,spot,True,True,True,True
ATA/USDT,ATA,USDT,spot,True,True,True,True
ATM/USDT,ATM,USDT,spot,True,True,True,True
ATOM/BTC,ATOM,BTC,spot,True,True,True,True
ATOM/USDT,ATOM,USDT,spot,True,True,True,True
AUCTION/BTC,AUCTION,BTC,spot,True,True,True,True
AUCTION/USDT,AUCTION,USDT,spot,True,True,True,True
AUDIO/BTC,AUDIO,BTC,spot,True,True,True,True
AUDIO/USDT,AUDIO,USDT,spot,True,True,True,True
AVA/BTC,AVA,BTC,spot,True,True,True,True
AVA/USDT,AVA,USDT,spot,True,True,True,True
AVAX/BTC,AVAX,BTC,spot,True,True,True,True
AVAX/USDT,AVAX,USDT,spot,True,True,True,True
AWE/BTC,AWE,BTC,spot,True,True,True,True
AWE/USDT,AWE,USDT,spot,True,True,True,True
AXL/BTC,AXL,BTC,spot,True,True,True,True
AXL/USDT,AXL,USDT,spot,True,True,True,True
AXS/BTC,AXS,BTC,spot,True,True,True,True
AXS/USDT,AXS,USDT,spot,True,True,True,True
BABY/USDT,BABY,USDT,spot,True,True,True,True
BAKE/BTC,BAKE,BTC,spot,True,True,True,True
BAKE/USDT,BAKE,USDT,spot,True,True,True,True
BANANA/BTC,BANANA,BTC,spot,True,True,True,True
BANANA/USDT,BANANA,USDT,spot,True,True,True,True
BANANAS31/USDT,BANANAS31,USDT,spot,True,True,True,True
BAND/BTC,BAND,BTC,spot,True,True,True,True
BAND/USDT,BAND,USDT,spot,True,True,True,True
BAR/USDT,BAR,USDT,spot,True,True,True,True
BAT/BTC,BAT,BTC,spot,True,True,True,True
BAT/USDT,BAT,USDT,spot,True,True,True,True
BB/BTC,BB,BTC,spot,True,True,True,True
BB/USDT,BB,USDT,spot,True,True,True,True
BCH/BTC,BCH,BTC,spot,True,True,True,True
BCH/USDT,BCH,USDT,spot,True,True,True,True
BEAMX/USDT,BEAMX,USDT,spot,True,True,True,True
BEL/BTC,BEL,BTC,spot,True,True,True,True
BEL/USDT,BEL,USDT,spot,True,True,True,True
BERA/BTC,BERA,BTC,spot,True,True,True,True
BERA/USDT,BERA,USDT,spot,True,True,True,True
BICO/BTC,BICO,BTC,spot,True,True,True,True
BICO/USDT,BICO,USDT,spot,True,True,True,True
BIFI/USDT,BIFI,USDT,spot,True,True,True,True
BIGTIME/USDT,BIGTIME,USDT,spot,True,True,True,True
BIO/USDT,BIO,USDT,spot,True,True,True,True
BLUR/USDT,BLUR,USDT,spot,True,True,True,True
BMT/USDT,BMT,USDT,spot,True,True,True,True
BNB/BTC,BNB,BTC,spot,True,True,True,True
BNB/USDT,BNB,USDT,spot,True,True,True,True
BNSOL/USDT,BNSOL,USDT,spot,True,True,True,True
BNT/USDT,BNT,USDT,spot,True,True,True,True
BOME/USDT,BOME,USDT,spot,True,True,True,True
BONK/USDT,BONK,USDT,spot,True,True,True,True
BROCCOLI714/USDT,BROCCOLI714,USDT,spot,True,True,True,True
BTC/USDT,BTC,USDT,spot,True,True,True,True
BTC/USDT:USDT-250926,BTC,USDT,future,True,True,False,True
BTC/USDT:USDT-251226,BTC,USDT,future,True,True,False,True
BTTC/USDT,BTTC,USDT,spot,True,True,True,True
C98/USDT,C98,USDT,spot,True,True,True,True
CAKE/BTC,CAKE,BTC,spot,True,True,True,True
CAKE/USDT,CAKE,USDT,spot,True,True,True,True
CATI/USDT,CATI,USDT,spot,True,True,True,True
CELO/BTC,CELO,BTC,spot,True,True,True,True
CELO/USDT,CELO,USDT,spot,True,True,True,True
CELR/USDT,CELR,USDT,spot,True,True,True,True
CETUS/USDT,CETUS,USDT,spot,True,True,True,True
CFX/BTC,CFX,BTC,spot,True,True,True,True
CFX/USDT,CFX,USDT,spot,True,True,True,True
CGPT/USDT,CGPT,USDT,spot,True,True,True,True
CHESS/USDT,CHESS,USDT,spot,True,True,True,True
CHR/BTC,CHR,BTC,spot,True,True,True,True
CHR/USDT,CHR,USDT,spot,True,True,True,True
CHZ/BTC,CHZ,BTC,spot,True,True,True,True
CHZ/USDT,CHZ,USDT,spot,True,True,True,True
CITY/USDT,CITY,USDT,spot,True,True,True,True
CKB/USDT,CKB,USDT,spot,True,True,True,True
COMP/BTC,COMP,BTC,spot,True,True,True,True
COMP/USDT,COMP,USDT,spot,True,True,True,True
COOKIE/USDT,COOKIE,USDT,spot,True,True,True,True
COS/USDT,COS,USDT,spot,True,True,True,True
COTI/BTC,COTI,BTC,spot,True,True,True,True
COTI/USDT,COTI,USDT,spot,True,True,True,True
COW/USDT,COW,USDT,spot,True,True,True,True
CRV/BTC,CRV,BTC,spot,True,True,True,True
CRV/USDT,CRV,USDT,spot,True,True,True,True
CTK/BTC,CTK,BTC,spot,True,True,True,True
CTK/USDT,CTK,USDT,spot,True,True,True,True
CTSI/BTC,CTSI,BTC,spot,True,True,True,True
CTSI/USDT,CTSI,USDT,spot,True,True,True,True
CVC/USDT,CVC,USDT,spot,True,True,True,True
CVX/USDT,CVX,USDT,spot,True,True,True,True
CYBER/BTC,CYBER,BTC,spot,True,True,True,True
CYBER/USDT,CYBER,USDT,spot,True,True,True,True
D/USDT,D,USDT,spot,True,True,True,True
DASH/BTC,DASH,BTC,spot,True,True,True,True
DASH/USDT,DASH,USDT,spot,True,True,True,True
DATA/BTC,DATA,BTC,spot,True,True,True,True
DATA/USDT,DATA,USDT,spot,True,True,True,True
DCR/USDT,DCR,USDT,spot,True,True,True,True
DEGO/USDT,DEGO,USDT,spot,True,True,True,True
DENT/USDT,DENT,USDT,spot,True,True,True,True
DEXE/USDT,DEXE,USDT,spot,True,True,True,True
DF/USDT,DF,USDT,spot,True,True,True,True
DGB/USDT,DGB,USDT,spot,True,True,True,True
DIA/BTC,DIA,BTC,spot,True,True,True,True
DIA/USDT,DIA,USDT,spot,True,True,True,True
DODO/BTC,DODO,BTC,spot,True,True,True,True
DODO/USDT,DODO,USDT,spot,True,True,True,True
DOGE/BTC,DOGE,BTC,spot,True,True,True,True
DOGE/USDT,DOGE,USDT,spot,True,True,True,True
DOGS/USDT,DOGS,USDT,spot,True,True,True,True
DOT/BTC,DOT,BTC,spot,True,True,True,True
DOT/USDT,DOT,USDT,spot,True,True,True,True
DUSK/BTC,DUSK,BTC,spot,True,True,True,True
DUSK/USDT,DUSK,USDT,spot,True,True,True,True
DYDX/BTC,DYDX,BTC,spot,True,True,True,True
DYDX/USDT,DYDX,USDT,spot,True,True,True,True
DYM/USDT,DYM,USDT,spot,True,True,True,True
EDU/USDT,EDU,USDT,spot,True,True,True,True
EGLD/BTC,EGLD,BTC,spot,True,True,True,True
EGLD/USDT,EGLD,USDT,spot,True,True,True,True
EIGEN/BTC,EIGEN,BTC,spot,True,True,True,True
EIGEN/USDT,EIGEN,USDT,spot,True,True,True,True
ENA/BTC,ENA,BTC,spot,True,True,True,True
ENA/USDT,ENA,USDT,spot,True,True,True,True
ENJ/BTC,ENJ,BTC,spot,True,True,True,True
ENJ/USDT,ENJ,USDT,spot,True,True,True,True
ENS/BTC,ENS,BTC,spot,True,True,True,True
ENS/USDT,ENS,USDT,spot,True,True,True,True
EPIC/USDT,EPIC,USDT,spot,True,True,True,True
ETC/BTC,ETC,BTC,spot,True,True,True,True
ETC/USDT,ETC,USDT,spot,True,True,True,True
ETH/BTC,ETH,BTC,spot,True,True,True,True
ETH/USDT,ETH,USDT,spot,True,True,True,True
ETH/USDT:USDT-250926,ETH,USDT,future,True,True,False,True
ETH/USDT:USDT-251226,ETH,USDT,future,True,True,False,True
ETHFI/USDT,ETHFI,USDT,spot,True,True,True,True
EUR/USDT,EUR,USDT,spot,True,True,True,True
EURI/USDT,EURI,USDT,spot,True,True,True,True
FARM/USDT,FARM,USDT,spot,True,True,True,True
FDUSD/USDT,FDUSD,USDT,spot,True,True,True,True
FET/BTC,FET,BTC,spot,True,True,True,True
FET/USDT,FET,USDT,spot,True,True,True,True
FIDA/BTC,FIDA,BTC,spot,True,True,True,True
FIDA/USDT,FIDA,USDT,spot,True,True,True,True
FIL/BTC,FIL,BTC,spot,True,True,True,True
FIL/USDT,FIL,USDT,spot,True,True,True,True
FIO/USDT,FIO,USDT,spot,True,True,True,True
FIS/BTC,FIS,BTC,spot,True,True,True,True
FIS/USDT,FIS,USDT,spot,True,True,True,True
FLM/BTC,FLM,BTC,spot,True,True,True,True
FLM/USDT,FLM,USDT,spot,True,True,True,True
FLOKI/USDT,FLOKI,USDT,spot,True,True,True,True
FLOW/BTC,FLOW,BTC,spot,True,True,True,True
FLOW/USDT,FLOW,USDT,spot,True,True,True,True
FLUX/BTC,FLUX,BTC,spot,True,True,True,True
FLUX/USDT,FLUX,USDT,spot,True,True,True,True
FORM/USDT,FORM,USDT,spot,True,True,True,True
FORTH/BTC,FORTH,BTC,spot,True,True,True,True
FORTH/USDT,FORTH,USDT,spot,True,True,True,True
FTT/USDT,FTT,USDT,spot,True,True,True,True
FUN/USDT,FUN,USDT,spot,True,True,True,True
FXS/USDT,FXS,USDT,spot,True,True,True,True
G/USDT,G,USDT,spot,True,True,True,True
GALA/BTC,GALA,BTC,spot,True,True,True,True
GALA/USDT,GALA,USDT,spot,True,True,True,True
GAS/BTC,GAS,BTC,spot,True,True,True,True
GAS/USDT,GAS,USDT,spot,True,True,True,True
GHST/USDT,GHST,USDT,spot,True,True,True,True
GLM/BTC,GLM,BTC,spot,True,True,True,True
GLM/USDT,GLM,USDT,spot,True,True,True,True
GLMR/BTC,GLMR,BTC,spot,True,True,True,True
GLMR/USDT,GLMR,USDT,spot,True,True,True,True
GMT/BTC,GMT,BTC,spot,True,True,True,True
GMT/USDT,GMT,USDT,spot,True,True,True,True
GMX/USDT,GMX,USDT,spot,True,True,True,True
GNO/USDT,GNO,USDT,spot,True,True,True,True
GNS/USDT,GNS,USDT,spot,True,True,True,True
GPS/USDT,GPS,USDT,spot,True,True,True,True
GRT/BTC,GRT,BTC,spot,True,True,True,True
GRT/USDT,GRT,USDT,spot,True,True,True,True
GTC/USDT,GTC,USDT,spot,True,True,True,True
GUN/USDT,GUN,USDT,spot,True,True,True,True
HAEDAL/USDT,HAEDAL,USDT,spot,True,True,True,True
HBAR/BTC,HBAR,BTC,spot,True,True,True,True
HBAR/USDT,HBAR,USDT,spot,True,True,True,True
HEI/BTC,HEI,BTC,spot,True,True,True,True
HEI/USDT,HEI,USDT,spot,True,True,True,True
HFT/BTC,HFT,BTC,spot,True,True,True,True
HFT/USDT,HFT,USDT,spot,True,True,True,True
HIFI/USDT,HIFI,USDT,spot,True,True,True,True
HIGH/USDT,HIGH,USDT,spot,True,True,True,True
HIVE/BTC,HIVE,BTC,spot,True,True,True,True
HIVE/USDT,HIVE,USDT,spot,True,True,True,True
HMSTR/USDT,HMSTR,USDT,spot,True,True,True,True
HOME/USDT,HOME,USDT,spot,True,True,True,True
HOOK/USDT,HOOK,USDT,spot,True,True,True,True
HOT/USDT,HOT,USDT,spot,True,True,True,True
HUMA/USDT,HUMA,USDT,spot,True,True,True,True
HYPER/USDT,HYPER,USDT,spot,True,True,True,True
ICP/BTC,ICP,BTC,spot,True,True,True,True
ICP/USDT,ICP,USDT,spot,True,True,True,True
ICX/BTC,ICX,BTC,spot,True,True,True,True
ICX/USDT,ICX,USDT,spot,True,True,True,True
ID/BTC,ID,BTC,spot,True,True,True,True
ID/USDT,ID,USDT,spot,True,True,True,True
IDEX/USDT,IDEX,USDT,spot,True,True,True,True
ILV/BTC,ILV,BTC,spot,True,True,True,True
ILV/USDT,ILV,USDT,spot,True,True,True,True
IMX/BTC,IMX,BTC,spot,True,True,True,True
IMX/USDT,IMX,USDT,spot,True,True,True,True
INIT/USDT,INIT,USDT,spot,True,True,True,True
INJ/BTC,INJ,BTC,spot,True,True,True,True
INJ/USDT,INJ,USDT,spot,True,True,True,True
IO/BTC,IO,BTC,spot,True,True,True,True
IO/USDT,IO,USDT,spot,True,True,True,True
IOST/USDT,IOST,USDT,spot,True,True,True,True
IOTA/BTC,IOTA,BTC,spot,True,True,True,True
IOTA/USDT,IOTA,USDT,spot,True,True,True,True
IOTX/BTC,IOTX,BTC,spot,True,True,True,True
IOTX/USDT,IOTX,USDT,spot,True,True,True,True
IQ/USDT,IQ,USDT,spot,True,True,True,True
JASMY/USDT,JASMY,USDT,spot,True,True,True,True
JOE/BTC,JOE,BTC,spot,True,True,True,True
JOE/USDT,JOE,USDT,spot,True,True,True,True
JST/BTC,JST,BTC,spot,True,True,True,True
JST/USDT,JST,USDT,spot,True,True,True,True
JTO/USDT,JTO,USDT,spot,True,True,True,True
JUP/USDT,JUP,USDT,spot,True,True,True,True
JUV/USDT,JUV,USDT,spot,True,True,True,True
KAIA/USDT,KAIA,USDT,spot,True,True,True,True
KAITO/BTC,KAITO,BTC,spot,True,True,True,True
KAITO/USDT,KAITO,USDT,spot,True,True,True,True
KAVA/BTC,KAVA,BTC,spot,True,True,True,True
KAVA/USDT,KAVA,USDT,spot,True,True,True,True
KDA/BTC,KDA,BTC,spot,True,True,True,True
KDA/USDT,KDA,USDT,spot,True,True,True,True
KERNEL/USDT,KERNEL,USDT,spot,True,True,True,True
KMNO/USDT,KMNO,USDT,spot,True,True,True,True
KNC/BTC,KNC,BTC,spot,True,True,True,True
KNC/USDT,KNC,USDT,spot,True,True,True,True
KSM/BTC,KSM,BTC,spot,True,True,True,True
KSM/USDT,KSM,USDT,spot,True,True,True,True
LA/USDT,LA,USDT,spot,True,True,True,True
LAYER/BTC,LAYER,BTC,spot,True,True,True,True
LAYER/USDT,LAYER,USDT,spot,True,True,True,True
LAZIO/USDT,LAZIO,USDT,spot,True,True,True,True
LDO/BTC,LDO,BTC,spot,True,True,True,True
LDO/USDT,LDO,USDT,spot,True,True,True,True
LINK/BTC,LINK,BTC,spot,True,True,True,True
LINK/USDT,LINK,USDT,spot,True,True,True,True
LISTA/USDT,LISTA,USDT,spot,True,True,True,True
LOKA/BTC,LOKA,BTC,spot,True,True,True,True
LOKA/USDT,LOKA,USDT,spot,True,True,True,True
LPT/BTC,LPT,BTC,spot,True,True,True,True
LPT/USDT,LPT,USDT,spot,True,True,True,True
LQTY/USDT,LQTY,USDT,spot,True,True,True,True
LRC/BTC,LRC,BTC,spot,True,True,True,True
LRC/USDT,LRC,USDT,spot,True,True,True,True
LSK/BTC,LSK,BTC,spot,True,True,True,True
LSK/USDT,LSK,USDT,spot,True,True,True,True
LTC/BTC,LTC,BTC,spot,True,True,True,True
LTC/USDT,LTC,USDT,spot,True,True,True,True
LUMIA/USDT,LUMIA,USDT,spot,True,True,True,True
LUNA/USDT,LUNA,USDT,spot,True,True,True,True
LUNC/USDT,LUNC,USDT,spot,True,True,True,True
MAGIC/BTC,MAGIC,BTC,spot,True,True,True,True
MAGIC/USDT,MAGIC,USDT,spot,True,True,True,True
MANA/BTC,MANA,BTC,spot,True,True,True,True
MANA/USDT,MANA,USDT,spot,True,True,True,True
MANTA/BTC,MANTA,BTC,spot,True,True,True,True
MANTA/USDT,MANTA,USDT,spot,True,True,True,True
MASK/USDT,MASK,USDT,spot,True,True,True,True
MAV/BTC,MAV,BTC,spot,True,True,True,True
MAV/USDT,MAV,USDT,spot,True,True,True,True
MBL/USDT,MBL,USDT,spot,True,True,True,True
MBOX/USDT,MBOX,USDT,spot,True,True,True,True
MDT/USDT,MDT,USDT,spot,True,True,True,True
ME/BTC,ME,BTC,spot,True,True,True,True
ME/USDT,ME,USDT,spot,True,True,True,True
MEME/USDT,MEME,USDT,spot,True,True,True,True
METIS/USDT,METIS,USDT,spot,True,True,True,True
MINA/BTC,MINA,BTC,spot,True,True,True,True
MINA/USDT,MINA,USDT,spot,True,True,True,True
MKR/BTC,MKR,BTC,spot,True,True,True,True
MKR/USDT,MKR,USDT,spot,True,True,True,True
MLN/USDT,MLN,USDT,spot,True,True,True,True
MOVE/BTC,MOVE,BTC,spot,True,True,True,True
MOVE/USDT,MOVE,USDT,spot,True,True,True,True
MOVR/BTC,MOVR,BTC,spot,True,True,True,True
MOVR/USDT,MOVR,USDT,spot,True,True,True,True
MTL/BTC,MTL,BTC,spot,True,True,True,True
MTL/USDT,MTL,USDT,spot,True,True,True,True
MUBARAK/USDT,MUBARAK,USDT,spot,True,True,True,True
NEAR/BTC,NEAR,BTC,spot,True,True,True,True
NEAR/USDT,NEAR,USDT,spot,True,True,True,True
NEIRO/USDT,NEIRO,USDT,spot,True,True,True,True
NEO/BTC,NEO,BTC,spot,True,True,True,True
NEO/USDT,NEO,USDT,spot,True,True,True,True
NEWT/USDT,NEWT,USDT,spot,True,True,True,True
NEXO/BTC,NEXO,BTC,spot,True,True,True,True
NEXO/USDT,NEXO,USDT,spot,True,True,True,True
NFP/BTC,NFP,BTC,spot,True,True,True,True
NFP/USDT,NFP,USDT,spot,True,True,True,True
NIL/USDT,NIL,USDT,spot,True,True,True,True
NKN/BTC,NKN,BTC,spot,True,True,True,True
NKN/USDT,NKN,USDT,spot,True,True,True,True
NMR/BTC,NMR,BTC,spot,True,True,True,True
NMR/USDT,NMR,USDT,spot,True,True,True,True
NOT/USDT,NOT,USDT,spot,True,True,True,True
NTRN/USDT,NTRN,USDT,spot,True,True,True,True
NXPC/USDT,NXPC,USDT,spot,True,True,True,True
OG/BTC,OG,BTC,spot,True,True,True,True
OG/USDT,OG,USDT,spot,True,True,True,True
OGN/BTC,OGN,BTC,spot,True,True,True,True
OGN/USDT,OGN,USDT,spot,True,True,True,True
OM/BTC,OM,BTC,spot,True,True,True,True
OM/USDT,OM,USDT,spot,True,True,True,True
OMNI/BTC,OMNI,BTC,spot,True,True,True,True
OMNI/USDT,OMNI,USDT,spot,True,True,True,True
ONDO/USDT,ONDO,USDT,spot,True,True,True,True
ONE/USDT,ONE,USDT,spot,True,True,True,True
ONG/BTC,ONG,BTC,spot,True,True,True,True
ONG/USDT,ONG,USDT,spot,True,True,True,True
ONT/BTC,ONT,BTC,spot,True,True,True,True
ONT/USDT,ONT,USDT,spot,True,True,True,True
OP/BTC,OP,BTC,spot,True,True,True,True
OP/USDT,OP,USDT,spot,True,True,True,True
ORCA/USDT,ORCA,USDT,spot,True,True,True,True
ORDI/BTC,ORDI,BTC,spot,True,True,True,True
ORDI/USDT,ORDI,USDT,spot,True,True,True,True
OSMO/USDT,OSMO,USDT,spot,True,True,True,True
OXT/BTC,OXT,BTC,spot,True,True,True,True
OXT/USDT,OXT,USDT,spot,True,True,True,True
PARTI/USDT,PARTI,USDT,spot,True,True,True,True
PAXG/BTC,PAXG,BTC,spot,True,True,True,True
PAXG/USDT,PAXG,USDT,spot,True,True,True,True
PENDLE/BTC,PENDLE,BTC,spot,True,True,True,True
PENDLE/USDT,PENDLE,USDT,spot,True,True,True,True
PENGU/USDT,PENGU,USDT,spot,True,True,True,True
PEOPLE/BTC,PEOPLE,BTC,spot,True,True,True,True
PEOPLE/USDT,PEOPLE,USDT,spot,True,True,True,True
PEPE/USDT,PEPE,USDT,spot,True,True,True,True
PERP/USDT,PERP,USDT,spot,True,True,True,True
PHA/BTC,PHA,BTC,spot,True,True,True,True
PHA/USDT,PHA,USDT,spot,True,True,True,True
PHB/BTC,PHB,BTC,spot,True,True,True,True
PHB/USDT,PHB,USDT,spot,True,True,True,True
PIVX/BTC,PIVX,BTC,spot,True,True,True,True
PIVX/USDT,PIVX,USDT,spot,True,True,True,True
PIXEL/USDT,PIXEL,USDT,spot,True,True,True,True
PNUT/BTC,PNUT,BTC,spot,True,True,True,True
PNUT/USDT,PNUT,USDT,spot,True,True,True,True
POL/BTC,POL,BTC,spot,True,True,True,True
POL/USDT,POL,USDT,spot,True,True,True,True
POLYX/BTC,POLYX,BTC,spot,True,True,True,True
POLYX/USDT,POLYX,USDT,spot,True,True,True,True
POND/USDT,POND,USDT,spot,True,True,True,True
PORTAL/BTC,PORTAL,BTC,spot,True,True,True,True
PORTAL/USDT,PORTAL,USDT,spot,True,True,True,True
PORTO/USDT,PORTO,USDT,spot,True,True,True,True
POWR/BTC,POWR,BTC,spot,True,True,True,True
POWR/USDT,POWR,USDT,spot,True,True,True,True
PROM/USDT,PROM,USDT,spot,True,True,True,True
PSG/USDT,PSG,USDT,spot,True,True,True,True
PUNDIX/USDT,PUNDIX,USDT,spot,True,True,True,True
PYR/BTC,PYR,BTC,spot,True,True,True,True
PYR/USDT,PYR,USDT,spot,True,True,True,True
PYTH/BTC,PYTH,BTC,spot,True,True,True,True
PYTH/USDT,PYTH,USDT,spot,True,True,True,True
QI/USDT,QI,USDT,spot,True,True,True,True
QKC/USDT,QKC,USDT,spot,True,True,True,True
QNT/BTC,QNT,BTC,spot,True,True,True,True
QNT/USDT,QNT,USDT,spot,True,True,True,True
QTUM/BTC,QTUM,BTC,spot,True,True,True,True
QTUM/USDT,QTUM,USDT,spot,True,True,True,True
QUICK/USDT,QUICK,USDT,spot,True,True,True,True
RAD/USDT,RAD,USDT,spot,True,True,True,True
RARE/BTC,RARE,BTC,spot,True,True,True,True
RARE/USDT,RARE,USDT,spot,True,True,True,True
RAY/USDT,RAY,USDT,spot,True,True,True,True
RDNT/USDT,RDNT,USDT,spot,True,True,True,True
RED/BTC,RED,BTC,spot,True,True,True,True
RED/USDT,RED,USDT,spot,True,True,True,True
REI/USDT,REI,USDT,spot,True,True,True,True
RENDER/BTC,RENDER,BTC,spot,True,True,True,True
RENDER/USDT,RENDER,USDT,spot,True,True,True,True
REQ/BTC,REQ,BTC,spot,True,True,True,True
REQ/USDT,REQ,USDT,spot,True,True,True,True
RESOLV/USDT,RESOLV,USDT,spot,True,True,True,True
REZ/USDT,REZ,USDT,spot,True,True,True,True
RIF/BTC,RIF,BTC,spot,True,True,True,True
RIF/USDT,RIF,USDT,spot,True,True,True,True
RLC/BTC,RLC,BTC,spot,True,True,True,True
RLC/USDT,RLC,USDT,spot,True,True,True,True
RONIN/BTC,RONIN,BTC,spot,True,True,True,True
RONIN/USDT,RONIN,USDT,spot,True,True,True,True
ROSE/BTC,ROSE,BTC,spot,True,True,True,True
ROSE/USDT,ROSE,USDT,spot,True,True,True,True
RPL/USDT,RPL,USDT,spot,True,True,True,True
RSR/USDT,RSR,USDT,spot,True,True,True,True
RUNE/BTC,RUNE,BTC,spot,True,True,True,True
RUNE/USDT,RUNE,USDT,spot,True,True,True,True
RVN/BTC,RVN,BTC,spot,True,True,True,True
RVN/USDT,RVN,USDT,spot,True,True,True,True
S/BTC,S,BTC,spot,True,True,True,True
S/USDT,S,USDT,spot,True,True,True,True
SAGA/BTC,SAGA,BTC,spot,True,True,True,True
SAGA/USDT,SAGA,USDT,spot,True,True,True,True
SAHARA/USDT,SAHARA,USDT,spot,True,True,True,True
SAND/BTC,SAND,BTC,spot,True,True,True,True
SAND/USDT,SAND,USDT,spot,True,True,True,True
SANTOS/BTC,SANTOS,BTC,spot,True,True,True,True
SANTOS/USDT,SANTOS,USDT,spot,True,True,True,True
SC/USDT,SC,USDT,spot,True,True,True,True
SCR/BTC,SCR,BTC,spot,True,True,True,True
SCR/USDT,SCR,USDT,spot,True,True,True,True
SCRT/BTC,SCRT,BTC,spot,True,True,True,True
SCRT/USDT,SCRT,USDT,spot,True,True,True,True
SEI/BTC,SEI,BTC,spot,True,True,True,True
SEI/USDT,SEI,USDT,spot,True,True,True,True
SFP/BTC,SFP,BTC,spot,True,True,True,True
SFP/USDT,SFP,USDT,spot,True,True,True,True
SHELL/BTC,SHELL,BTC,spot,True,True,True,True
SHELL/USDT,SHELL,USDT,spot,True,True,True,True
SHIB/USDT,SHIB,USDT,spot,True,True,True,True
SIGN/USDT,SIGN,USDT,spot,True,True,True,True
SKL/BTC,SKL,BTC,spot,True,True,True,True
SKL/USDT,SKL,USDT,spot,True,True,True,True
SLF/BTC,SLF,BTC,spot,True,True,True,True
SLF/USDT,SLF,USDT,spot,True,True,True,True
SLP/USDT,SLP,USDT,spot,True,True,True,True
SNX/BTC,SNX,BTC,spot,True,True,True,True
SNX/USDT,SNX,USDT,spot,True,True,True,True
SOL/BTC,SOL,BTC,spot,True,True,True,True
SOL/USDT,SOL,USDT,spot,True,True,True,True
SOLV/USDT,SOLV,USDT,spot,True,True,True,True
SOPH/USDT,SOPH,USDT,spot,True,True,True,True
SPELL/USDT,SPELL,USDT,spot,True,True,True,True
SPK/USDT,SPK,USDT,spot,True,True,True,True
SSV/BTC,SSV,BTC,spot,True,True,True,True
SSV/USDT,SSV,USDT,spot,True,True,True,True
STEEM/BTC,STEEM,BTC,spot,True,True,True,True
STEEM/USDT,STEEM,USDT,spot,True,True,True,True
STG/BTC,STG,BTC,spot,True,True,True,True
STG/USDT,STG,USDT,spot,True,True,True,True
STO/USDT,STO,USDT,spot,True,True,True,True
STORJ/BTC,STORJ,BTC,spot,True,True,True,True
STORJ/USDT,STORJ,USDT,spot,True,True,True,True
STRAX/BTC,STRAX,BTC,spot,True,True,True,True
STRAX/USDT,STRAX,USDT,spot,True,True,True,True
STRK/USDT,STRK,USDT,spot,True,True,True,True
STX/BTC,STX,BTC,spot,True,True,True,True
STX/USDT,STX,USDT,spot,True,True,True,True
SUI/BTC,SUI,BTC,spot,True,True,True,True
SUI/USDT,SUI,USDT,spot,True,True,True,True
SUN/USDT,SUN,USDT,spot,True,True,True,True
SUPER/BTC,SUPER,BTC,spot,True,True,True,True
SUPER/USDT,SUPER,USDT,spot,True,True,True,True
SUSHI/BTC,SUSHI,BTC,spot,True,True,True,True
SUSHI/USDT,SUSHI,USDT,spot,True,True,True,True
SXP/BTC,SXP,BTC,spot,True,True,True,True
SXP/USDT,SXP,USDT,spot,True,True,True,True
SXT/USDT,SXT,USDT,spot,True,True,True,True
SYN/USDT,SYN,USDT,spot,True,True,True,True
SYRUP/USDT,SYRUP,USDT,spot,True,True,True,True
SYS/BTC,SYS,BTC,spot,True,True,True,True
SYS/USDT,SYS,USDT,spot,True,True,True,True
T/USDT,T,USDT,spot,True,True,True,True
TAO/BTC,TAO,BTC,spot,True,True,True,True
TAO/USDT,TAO,USDT,spot,True,True,True,True
TFUEL/BTC,TFUEL,BTC,spot,True,True,True,True
TFUEL/USDT,TFUEL,USDT,spot,True,True,True,True
THE/USDT,THE,USDT,spot,True,True,True,True
THETA/BTC,THETA,BTC,spot,True,True,True,True
THETA/USDT,THETA,USDT,spot,True,True,True,True
TIA/BTC,TIA,BTC,spot,True,True,True,True
TIA/USDT,TIA,USDT,spot,True,True,True,True
TKO/USDT,TKO,USDT,spot,True,True,True,True
TLM/USDT,TLM,USDT,spot,True,True,True,True
TNSR/USDT,TNSR,USDT,spot,True,True,True,True
TON/BTC,TON,BTC,spot,True,True,True,True
TON/USDT,TON,USDT,spot,True,True,True,True
TRB/BTC,TRB,BTC,spot,True,True,True,True
TRB/USDT,TRB,USDT,spot,True,True,True,True
TRU/USDT,TRU,USDT,spot,True,True,True,True
TRUMP/USDT,TRUMP,USDT,spot,True,True,True,True
TRX/BTC,TRX,BTC,spot,True,True,True,True
TRX/USDT,TRX,USDT,spot,True,True,True,True
TST/USDT,TST,USDT,spot,True,True,True,True
TURBO/USDT,TURBO,USDT,spot,True,True,True,True
TUSD/USDT,TUSD,USDT,spot,True,True,True,True
TUT/USDT,TUT,USDT,spot,True,True,True,True
TWT/USDT,TWT,USDT,spot,True,True,True,True
UMA/BTC,UMA,BTC,spot,True,True,True,True
UMA/USDT,UMA,USDT,spot,True,True,True,True
UNI/BTC,UNI,BTC,spot,True,True,True,True
UNI/USDT,UNI,USDT,spot,True,True,True,True
USD1/USDT,USD1,USDT,spot,True,True,True,True
USDC/USDT,USDC,USDT,spot,True,True,True,True
USDP/USDT,USDP,USDT,spot,True,True,True,True
USTC/USDT,USTC,USDT,spot,True,True,True,True
USUAL/BTC,USUAL,BTC,spot,True,True,True,True
USUAL/USDT,USUAL,USDT,spot,True,True,True,True
UTK/USDT,UTK,USDT,spot,True,True,True,True
VANA/USDT,VANA,USDT,spot,True,True,True,True
VANRY/USDT,VANRY,USDT,spot,True,True,True,True
VELODROME/USDT,VELODROME,USDT,spot,True,True,True,True
VET/BTC,VET,BTC,spot,True,True,True,True
VET/USDT,VET,USDT,spot,True,True,True,True
VIC/USDT,VIC,USDT,spot,True,True,True,True
VIRTUAL/USDT,VIRTUAL,USDT,spot,True,True,True,True
VOXEL/USDT,VOXEL,USDT,spot,True,True,True,True
VTHO/USDT,VTHO,USDT,spot,True,True,True,True
W/BTC,W,BTC,spot,True,True,True,True
W/USDT,W,USDT,spot,True,True,True,True
WAN/BTC,WAN,BTC,spot,True,True,True,True
WAN/USDT,WAN,USDT,spot,True,True,True,True
WAXP/BTC,WAXP,BTC,spot,True,True,True,True
WAXP/USDT,WAXP,USDT,spot,True,True,True,True
WBETH/USDT,WBETH,USDT,spot,True,True,True,True
WBTC/BTC,WBTC,BTC,spot,True,True,True,True
WBTC/USDT,WBTC,USDT,spot,True,True,True,True
WCT/USDT,WCT,USDT,spot,True,True,True,True
WIF/BTC,WIF,BTC,spot,True,True,True,True
WIF/USDT,WIF,USDT,spot,True,True,True,True
WIN/USDT,WIN,USDT,spot,True,True,True,True
WLD/BTC,WLD,BTC,spot,True,True,True,True
WLD/USDT,WLD,USDT,spot,True,True,True,True
WOO/USDT,WOO,USDT,spot,True,True,True,True
XAI/USDT,XAI,USDT,spot,True,True,True,True
XEC/USDT,XEC,USDT,spot,True,True,True,True
XLM/BTC,XLM,BTC,spot,True,True,True,True
XLM/USDT,XLM,USDT,spot,True,True,True,True
XNO/BTC,XNO,BTC,spot,True,True,True,True
XNO/USDT,XNO,USDT,spot,True,True,True,True
XRP/BTC,XRP,BTC,spot,True,True,True,True
XRP/USDT,XRP,USDT,spot,True,True,True,True
XTZ/BTC,XTZ,BTC,spot,True,True,True,True
XTZ/USDT,XTZ,USDT,spot,True,True,True,True
XUSD/USDT,XUSD,USDT,spot,True,True,True,True
XVG/USDT,XVG,USDT,spot,True,True,True,True
XVS/BTC,XVS,BTC,spot,True,True,True,True
XVS/USDT,XVS,USDT,spot,True,True,True,True
YFI/BTC,YFI,BTC,spot,True,True,True,True
YFI/USDT,YFI,USDT,spot,True,True,True,True
YGG/BTC,YGG,BTC,spot,True,True,True,True
YGG/USDT,YGG,USDT,spot,True,True,True,True
ZEC/BTC,ZEC,BTC,spot,True,True,True,True
ZEC/USDT,ZEC,USDT,spot,True,True,True,True
ZEN/BTC,ZEN,BTC,spot,True,True,True,True
ZEN/USDT,ZEN,USDT,spot,True,True,True,True
ZIL/USDT,ZIL,USDT,spot,True,True,True,True
ZK/BTC,ZK,BTC,spot,True,True,True,True
ZK/USDT,ZK,USDT,spot,True,True,True,True
ZRO/BTC,ZRO,BTC,spot,True,True,True,True
ZRO/USDT,ZRO,USDT,spot,True,True,True,True
ZRX/BTC,ZRX,BTC,spot,True,True,True,True
ZRX/USDT,ZRX,USDT,spot,True,True,True,True
